model_name,parameter_size,num_questions,sampling_seed,subset_sampling_method,workflow,accuracy,mean_latency_ms,median_latency_ms,p95_latency_ms,p99_latency_ms,tokens_per_second,blockchain_overhead_ms,blockchain_overhead_percent,audit_coverage_rate,review_flag_rate,invalid_output_rate,cost_per_1000_queries_normalized,benchmark_type,model_source,evaluation_status,failure_reason,notes
Qwen/Qwen2.5-0.5B,0.5B,50,7,seeded_sample_without_replacement_from_existing_real_medqa_csv,backbone_only,0.2,2169.7676579956897,2065.9190000151284,3413.9592199353488,4290.46796797658,1.0139334466955034,0.0,0.0,0.0,0.0,0.0,3.0,real,local_existing_benchmark,completed,,Real medical QA predictions; blockchain overhead is hybrid devnet-derived and does not change correctness.
Qwen/Qwen2.5-0.5B,0.5B,50,7,seeded_sample_without_replacement_from_existing_real_medqa_csv,backbone_with_blockchain_logging,0.2,3036.5748511402835,3142.9299355951,4707.1817391101395,5017.3390486419985,1.0139334466955034,866.8071931445942,39.94930931661606,1.0,0.0,0.0,21.0,real,local_existing_benchmark,completed,,Real medical QA predictions; blockchain overhead is hybrid devnet-derived and does not change correctness.
Qwen/Qwen2.5-0.5B,0.5B,50,7,seeded_sample_without_replacement_from_existing_real_medqa_csv,backbone_with_audit_review_flag,0.2,3036.276927429684,2992.5195714167494,4273.606618195103,5094.712015080771,1.0139334466955034,866.5092694339942,39.93557864321875,1.0,0.84,0.0,21.0,real,local_existing_benchmark,completed,,Real medical QA predictions; blockchain overhead is hybrid devnet-derived and does not change correctness.
Qwen/Qwen2.5-1.5B-Instruct,1.5B,50,7,seeded_sample_without_replacement_from_medqa,backbone_only,0.36,8104.340814000461,7883.628399984445,10141.64217999787,11438.968057035236,0.9871253176050779,0.0,0.0,0.0,0.0,0.0,9.0,real,local_dir,completed,,Real medical QA predictions; blockchain overhead is hybrid devnet-derived and does not change correctness.
Qwen/Qwen2.5-1.5B-Instruct,1.5B,50,7,seeded_sample_without_replacement_from_medqa,backbone_with_blockchain_logging,0.36,9009.63457304192,8738.493699914543,10991.406710498652,12234.032669417908,0.9871253176050779,905.2937590414575,11.170479867746169,1.0,0.0,0.0,27.0,real,local_dir,completed,,Real medical QA predictions; blockchain overhead is hybrid devnet-derived and does not change correctness.
Qwen/Qwen2.5-1.5B-Instruct,1.5B,50,7,seeded_sample_without_replacement_from_medqa,backbone_with_audit_review_flag,0.36,8959.526169485243,8686.651275705208,11253.029699721747,12182.1795170317,0.9871253176050779,855.1853554847817,10.552188945551581,1.0,0.1,0.0,27.0,real,local_dir,completed,,Real medical QA predictions; blockchain overhead is hybrid devnet-derived and does not change correctness.
Qwen/Qwen2.5-3B-Instruct,3B,50,7,seeded_sample_without_replacement_from_medqa,backbone_only,0.44,94658.07317200815,92546.26360000111,129756.8924699968,172666.3471229968,0.037186474244025894,0.0,0.0,0.0,0.0,0.0,18.0,real,local_dir,completed,,Real medical QA predictions; blockchain overhead is hybrid devnet-derived and does not change correctness.
Qwen/Qwen2.5-3B-Instruct,3B,50,7,seeded_sample_without_replacement_from_medqa,backbone_with_blockchain_logging,0.44,95448.56409757391,93895.3097795949,130274.87330968703,173525.1397813065,0.037186474244025894,790.4909255657429,0.8351014330592811,1.0,0.0,0.0,36.0,real,local_dir,completed,,Real medical QA predictions; blockchain overhead is hybrid devnet-derived and does not change correctness.
Qwen/Qwen2.5-3B-Instruct,3B,50,7,seeded_sample_without_replacement_from_medqa,backbone_with_audit_review_flag,0.44,95553.49737256295,93514.15050450353,130683.5862297028,173669.89516130064,0.037186474244025894,895.4242005547962,0.9459565048695572,1.0,0.1,0.0,36.0,real,local_dir,completed,,Real medical QA predictions; blockchain overhead is hybrid devnet-derived and does not change correctness.
